City,id,nametype,reclass,mass (g),Trip or Order Status,Request Time,Pickup Lat,Pickup Lng,Dropoff Lat,Dropoff Lng
Chicago,15456,Valid,Chicago,1.29, Depressed ,2020-02-20 14:33:45 +0000 UTC,41.93434,-87.66586,41.92538,-87.65302
Chicago,18101,Valid,Chicago,0,Heartbroken,2020-02-20 14:32:52 +0000 UTC,41.91818,-87.65093,41.91815597,-87.65005359
Chicago,5014,Valid,Chicago,7.06,Exhausted,2020-02-19 20:01:03 +0000 UTC,41.8558674,-87.6331365,41.9343728,-87.6660072
Chicago,24139,Valid,Chicago,1.3,Hungry,2020-02-19 14:32:11 +0000 UTC,41.93347,-87.66602,41.92534,-87.65306
Chicago,12457,Valid,Chicago,0,Tired,2020-02-19 14:31:26 +0000 UTC,,,,
Chicago,16630,Valid,Chicago,0.52,Tired,2020-02-15 01:52:48 +0000 UTC,41.9343103,-87.6659024,41.9397538,-87.6636486
Chicago,12264,Valid,Chicago,3.57,Energetic,2020-02-08 06:47:09 +0000 UTC,41.90029,-87.68678,41.93428,-87.66562
Chicago,16645,Valid,Chicago,3.4,Calm,2020-02-08 02:03:42 +0000 UTC,41.93428,-87.66566,41.90034,-87.6868
Chicago,23893,Valid,Chicago,2.61,Drunk,2020-02-04 04:40:18 +0000 UTC,41.92722,-87.7092,41.93392,-87.66603
Chicago,18009,Valid,Chicago,13.05, Hopeful ,2020-02-01 07:34:38 +0000 UTC,41.79841,-87.59971,41.93415,-87.66599
Chicago,16738,Valid,Chicago,1.53,COMPLETED,2020-02-01 01:18:51 +0000 UTC,41.80254,-87.59184,41.78781,-87.59548
Chicago,14650,Valid,Chicago,0,CANCELED,2020-01-31 14:46:00 +0000 UTC,41.94378117,-87.67150013,41.94381525,-87.6714824
Chicago,5115,Valid,Chicago,0,DRIVER_CANCELED,2020-01-31 14:34:00 +0000 UTC,41.91606311,-87.66812114,41.93334357,-87.66580863
Chicago,18846,Valid,Chicago,0,CANCELED,2020-01-30 23:14:32 +0000 UTC,,,,
Chicago,398,Valid,Chicago,0,CANCELED,2020-01-30 23:13:41 +0000 UTC,,,,
Chicago,5112,Valid,Chicago,0,CANCELED,2020-01-29 14:16:39 +0000 UTC,41.9346799,-87.6782132,41.9335723,-87.6781796
San Francisco,11467,Valid,San Francisco,1.05,COMPLETED,2020-01-10 21:58:14 +0000 UTC,37.22336,-121.98207,37.23451,-121.97825
San Francisco,11872,Valid,San Francisco,1.34,COMPLETED,2020-01-09 00:36:24 +0000 UTC,37.2451867,-121.9233777,37.2451867,-121.9233777
San Francisco,23692,Valid,San Francisco,2.97,COMPLETED,2020-01-04 20:06:44 +0000 UTC,37.31653,-122.03346,37.33333,-122.01517
San Francisco,4983,Valid,San Francisco,2.75,COMPLETED,2020-01-04 19:36:22 +0000 UTC,37.33337,-122.01515,37.31654,-122.03346
Chicago,18037,Valid,Chicago,2.01,COMPLETED,2019-12-16 18:13:38 +0000 UTC,41.93445,-87.665612,41.93445,-87.665612
Chicago,12040,Valid,Chicago,2.88,COMPLETED,2019-12-16 05:33:20 +0000 UTC,41.92826,-87.71667,41.93418,-87.66604
Chicago,471,Valid,Chicago,2.41,COMPLETED,2019-12-16 02:53:02 +0000 UTC,41.91259,-87.68556,41.9283,-87.71821
Chicago,5158,Valid,Chicago,2.98,COMPLETED,2019-12-15 21:31:35 +0000 UTC,41.93427,-87.66593,41.92406,-87.71045
Chicago,23884,Valid,Chicago,2.72,COMPLETED,2019-12-15 19:23:20 +0000 UTC,41.93445,-87.665612,41.93445,-87.665612
Chicago,12458,Valid,Chicago,2.89,COMPLETED,2019-12-15 18:05:26 +0000 UTC,41.9282127,-87.7181494,41.9333487,-87.6661873
Chicago,30377,Valid,Chicago,1.96,COMPLETED,2019-12-15 01:59:56 +0000 UTC,41.93428,-87.6656,41.95423,-87.6772
Chicago,18826,Valid,Chicago,0,CANCELED,2019-12-15 01:56:07 +0000 UTC,41.9236044,-87.6671023,41.9280063,-87.6694532
Chicago,5371,Valid,Chicago,2.89,COMPLETED,2019-12-14 23:36:20 +0000 UTC,41.92825,-87.71682,41.93417,-87.66604
Chicago,12412,Valid,Chicago,1.14,COMPLETED,2019-12-13 20:12:07 +0000 UTC,41.93445,-87.665612,41.93445,-87.665612
Chicago,11434,Valid,Chicago,2.99,COMPLETED,2019-12-13 17:50:53 +0000 UTC,41.9279983,-87.7182899,41.9341994,-87.6660234
Chicago,24196,Valid,Chicago,3.09,COMPLETED,2019-12-13 03:21:01 +0000 UTC,41.9346016,-87.6660808,41.9282918,-87.7181807
Chicago,12386,Valid,Chicago,6.18,COMPLETED,2019-12-12 14:48:53 +0000 UTC,41.93428,-87.66569,41.88114,-87.62615
Chicago,6636,Valid,Chicago,7.13,COMPLETED,2019-12-10 19:47:08 +0000 UTC,41.879377,-87.625681,41.9343161,-87.6655377
Chicago,11432,Valid,Chicago,0.77,COMPLETED,2019-12-10 11:56:04 +0000 UTC,41.93428,-87.66559,41.93259,-87.65396
Chicago,4939,Valid,Chicago,5.45,COMPLETED,2019-12-09 20:40:33 +0000 UTC,41.93428,-87.66572,41.88053,-87.62451
Chicago,2286,Valid,Chicago,3.2,COMPLETED,2019-12-08 18:24:36 +0000 UTC,41.9282439,-87.7181878,41.9342974,-87.6656519
Chicago,16992,Valid,Chicago,4.04,COMPLETED,2019-12-08 06:12:21 +0000 UTC,41.9282678,-87.7181922,41.9344825,-87.6652244
Chicago,12463,Valid,Chicago,0.98,COMPLETED,2019-12-07 18:11:56 +0000 UTC,41.93445,-87.665612,41.93445,-87.665612
Chicago,5457,Valid,Chicago,3.43,COMPLETED,2019-12-07 06:26:34 +0000 UTC,41.92821,-87.71812,41.9341,-87.66604
Chicago,2329,Valid,Chicago,8.41,COMPLETED,2019-12-06 20:19:35 +0000 UTC,41.93428,-87.66584,41.86671,-87.61393
Chicago,12385,Valid,Chicago,1.19,COMPLETED,2019-12-06 19:17:07 +0000 UTC,41.93445,-87.665612,41.93445,-87.665612
Chicago,12289,Valid,Chicago,13.91,COMPLETED,2019-12-06 07:15:57 +0000 UTC,41.7966766,-87.5890269,41.9343147,-87.665619
Chicago,12299,Valid,Chicago,8.33,COMPLETED,2019-12-06 02:49:34 +0000 UTC,41.8821082,-87.6246786,41.7878214,-87.5952758
Chicago,18883,Valid,Chicago,0.81,COMPLETED,2019-12-06 00:25:22 +0000 UTC,41.9343023,-87.66563,41.9326606,-87.6531667
Chicago,7723,Valid,Chicago,0.62,COMPLETED,2019-12-05 04:00:59 +0000 UTC,41.93445,-87.665612,41.93445,-87.665612
Chicago,5095,Valid,Chicago,4.6,COMPLETED,2019-11-27 19:06:59 +0000 UTC,41.9343019,-87.6656766,41.929736,-87.7075928
Chicago,5499,Valid,Chicago,4.85,COMPLETED,2019-11-27 04:27:42 +0000 UTC,41.93445,-87.665612,41.93445,-87.665612
Chicago,12446,Valid,Chicago,5.78,COMPLETED,2019-11-27 02:59:20 +0000 UTC,41.88457,-87.6282,41.93429,-87.6656
Chicago,18798,Valid,Chicago,0,CANCELED,2019-11-27 02:57:45 +0000 UTC,41.8846256,-87.624376,41.8852148,-87.6223025
Chicago,22774,Valid,Chicago,0,CANCELED,2019-11-27 02:56:48 +0000 UTC,41.8808171,-87.6280788,41.8807251,-87.6257268
Chicago,11844,Valid,Chicago,6.16,COMPLETED,2019-11-26 14:05:21 +0000 UTC,41.93428,-87.66586,41.88135,-87.62615
Chicago,30399,Valid,Chicago,0,CANCELED,2019-11-26 13:57:33 +0000 UTC,41.93604,-87.66907,41.936044,-87.66908044
Chicago,15475,Valid,Chicago,7.08,COMPLETED,2019-11-25 19:52:32 +0000 UTC,41.9343385,-87.6636861,41.8809483,-87.6240821
Chicago,12400,Valid,Chicago,5.71,COMPLETED,2019-11-24 18:35:40 +0000 UTC,41.9343756,-87.6636845,41.8845514,-87.624128
Chicago,5316,Valid,Chicago,4.03,COMPLETED,2019-11-24 09:24:52 +0000 UTC,41.90154,-87.62462,41.93428,-87.66561
Chicago,11900,Valid,Chicago,3.94,COMPLETED,2019-11-24 03:53:18 +0000 UTC,41.93428,-87.6658504,41.9016885,-87.6246395
Chicago,5340,Valid,Chicago,4.43,COMPLETED,2019-11-23 19:45:06 +0000 UTC,41.90162,-87.62458,41.93429,-87.6657
Chicago,18811,Valid,Chicago,3.95,COMPLETED,2019-11-23 00:42:14 +0000 UTC,41.93427,-87.66588,41.90162,-87.62478
Chicago,22590,Valid,Chicago,7.36,COMPLETED,2019-11-22 14:20:41 +0000 UTC,41.87242,-87.62436,41.93453,-87.66127
Chicago,15434,Valid,Chicago,7.29,COMPLETED,2019-11-22 03:46:28 +0000 UTC,41.93428,-87.66567,41.85761,-87.65764
Chicago,18110,Valid,Chicago,6.14,COMPLETED,2019-11-21 18:18:02 +0000 UTC,41.934327,-87.6657616,41.8805354,-87.6245254
Chicago,10951,Valid,Chicago,1.08,COMPLETED,2019-11-21 01:59:27 +0000 UTC,41.93278,-87.64551,41.93428,-87.66552
Chicago,23614,Valid,Chicago,1.39,COMPLETED,2019-11-20 23:40:39 +0000 UTC,41.93428,-87.6658,41.93282,-87.64366
Chicago,18799,Valid,Chicago,5.19,COMPLETED,2019-11-20 03:12:45 +0000 UTC,41.8843679,-87.6281204,41.9342917,-87.665629
Chicago,23513,Valid,Chicago,4.18,COMPLETED,2019-11-18 18:37:03 +0000 UTC,41.9007796,-87.6279134,41.9342796,-87.6656728
Chicago,14698,Valid,Chicago,0.4,COMPLETED,2019-11-18 00:41:35 +0000 UTC,41.93526,-87.66978,41.93426,-87.66604
Chicago,5179,Valid,Chicago,4.14,COMPLETED,2019-11-17 06:35:25 +0000 UTC,41.93426,-87.66604,41.90163,-87.62458
Chicago,11891,Valid,Chicago,4.39,COMPLETED,2019-11-16 21:46:00 +0000 UTC,41.93445,-87.665612,41.93445,-87.665612
Chicago,11892,Valid,Chicago,4.19,COMPLETED,2019-11-16 02:52:57 +0000 UTC,41.90402,-87.66744,41.94086,-87.71868
Chicago,15400,Valid,Chicago,0,CANCELED,2019-11-16 02:52:20 +0000 UTC,41.9050892,-87.6435095,41.9050536,-87.6442091
Chicago,18879,Valid,Chicago,2.12,COMPLETED,2019-11-16 00:55:57 +0000 UTC,41.93302,-87.66848,41.90249,-87.66755
Chicago,4938,Valid,Chicago,0,CANCELED,2019-11-16 00:51:13 +0000 UTC,41.93458302,-87.65397155,41.93285394,-87.65877142
Chicago,18099,Valid,Chicago,6.41,COMPLETED,2019-11-15 17:47:16 +0000 UTC,41.93431,-87.66558,41.88043,-87.62443
Chicago,5022,Valid,Chicago,0,DRIVER_CANCELED,2019-11-15 17:36:09 +0000 UTC,41.93087472,-87.66829846,41.9342,-87.66604
Chicago,10075,Valid,Chicago,0,CANCELED,2019-11-15 17:33:29 +0000 UTC,41.93141421,-87.69443073,41.91007776,-87.66460859
Chicago,24234,Valid,Chicago,1.52,COMPLETED,2019-11-15 04:14:38 +0000 UTC,41.881592,-87.626336,41.881592,-87.626336
Chicago,23785,Valid,Chicago,11.66,COMPLETED,2019-11-15 02:41:06 +0000 UTC,41.87823,-87.6242,41.93434,-87.66604
Chicago,15405,Valid,Chicago,0.72,COMPLETED,2019-11-13 17:41:17 +0000 UTC,41.93336,-87.66599,41.93266,-87.6541
Chicago,16920,Valid,Chicago,0,CANCELED,2019-11-13 17:33:09 +0000 UTC,41.93227676,-87.67684422,41.93229536,-87.67508583
Chicago,24056,Valid,Chicago,0.68,COMPLETED,2019-11-12 18:17:19 +0000 UTC,41.93336,-87.66599,41.93267,-87.65385
Chicago,11428,Valid,Chicago,0.78,COMPLETED,2019-11-10 19:20:36 +0000 UTC,41.9341185,-87.6660493,41.9326418,-87.6532136
Chicago,24271,Valid,Chicago,2.16,COMPLETED,2019-11-10 18:20:38 +0000 UTC,41.93445,-87.665612,41.93445,-87.665612
Chicago,5440,Valid,Chicago,3.41,COMPLETED,2019-11-10 01:10:57 +0000 UTC,41.9324357,-87.6657592,41.9095604,-87.6263543
Chicago,10932,Valid,Chicago,1.78,COMPLETED,2019-11-09 23:16:22 +0000 UTC,41.9472133,-87.663985,41.9343127,-87.6655917
Chicago,23687,Valid,Chicago,1.23,COMPLETED,2019-11-09 19:46:50 +0000 UTC,41.9342518,-87.66559,41.9498582,-87.6640549
Chicago,4922,Valid,Chicago,4.36,COMPLETED,2019-11-09 18:23:00 +0000 UTC,41.90086,-87.62375,41.93426,-87.66565
Chicago,12269,Valid,Chicago,3.84,COMPLETED,2019-11-09 02:58:40 +0000 UTC,41.93302,-87.6593,41.90125,-87.62426
Chicago,22768,Valid,Chicago,0.62,COMPLETED,2019-11-08 23:47:17 +0000 UTC,41.93445,-87.665612,41.93445,-87.665612
Chicago,11472,Valid,Chicago,6.24,COMPLETED,2019-11-07 14:32:47 +0000 UTC,41.9342901,-87.665718,41.8810414,-87.6261926
Chicago,22775,Valid,Chicago,7.32,COMPLETED,2019-11-04 22:58:46 +0000 UTC,41.88079,-87.62616,41.93426,-87.66563
Chicago,2291,Valid,Chicago,0.64,COMPLETED,2019-11-04 16:37:35 +0000 UTC,41.93528,-87.66979,41.93426,-87.66566
Chicago,10079,Valid,Chicago,0.81,COMPLETED,2019-11-03 02:01:47 +0000 UTC,41.9341,-87.66603,41.93547,-87.65394
Chicago,22611,Valid,Chicago,3.38,COMPLETED,2019-11-02 01:25:51 +0000 UTC,41.93237,-87.66605,41.90171,-87.6243
Chicago,5264,Valid,Chicago,0.59,COMPLETED,2019-10-31 04:50:42 +0000 UTC,41.93275,-87.65871,41.93428,-87.66565
Chicago,5284,Valid,Chicago,0.93,COMPLETED,2019-10-30 02:41:35 +0000 UTC,41.9436802,-87.6639596,41.9342602,-87.6655809
Chicago,14718,Valid,Chicago,1.2,COMPLETED,2019-10-29 13:39:46 +0000 UTC,41.9325,-87.66545,41.92532,-87.65289
Chicago,17941,Valid,Chicago,3.43,COMPLETED,2019-10-27 06:27:48 +0000 UTC,41.92657,-87.69746,41.96352,-87.69117
Chicago,18171,Valid,Chicago,2.59,COMPLETED,2019-10-27 05:34:39 +0000 UTC,41.90044,-87.67873,41.92451,-87.69743
Chicago,18793,Valid,Chicago,3.2,COMPLETED,2019-10-27 03:33:18 +0000 UTC,41.93426,-87.66561,41.90043,-87.67909
Chicago,15417,Valid,Chicago,0,CANCELED,2019-10-27 03:30:25 +0000 UTC,41.9593992,-87.6824874,41.9534403,-87.678265
Chicago,11850,Valid,Chicago,4.24,COMPLETED,2019-10-26 23:49:09 +0000 UTC,41.8992105,-87.6275409,41.9343047,-87.6654686
Chicago,18910,Valid,Chicago,2.42,COMPLETED,2019-10-26 23:25:17 +0000 UTC,41.89595,-87.67113,41.89915,-87.6276
Chicago,16976,Valid,Chicago,3.11,COMPLETED,2019-10-26 22:34:00 +0000 UTC,41.9342205,-87.6656029,41.896107,-87.6709505
Chicago,18081,Valid,Chicago,0,CANCELED,2019-10-26 22:33:35 +0000 UTC,,,,
Chicago,18824,Valid,Chicago,0,CANCELED,2019-10-26 22:30:39 +0000 UTC,41.94357047,-87.64939612,41.94050051,-87.65410787
Chicago,18848,Valid,Chicago,0,CANCELED,2019-10-26 22:18:29 +0000 UTC,41.924666,-87.654666,41.9237592,-87.6548052
Chicago,18807,Valid,Chicago,0,DRIVER_CANCELED,2019-10-26 22:04:14 +0000 UTC,41.93261258,-87.65526682,41.93426231,-87.66573782
Chicago,15457,Valid,Chicago,4.75,COMPLETED,2019-10-26 18:37:03 +0000 UTC,41.90156,-87.62757,41.93427,-87.66548
Chicago,16916,Valid,Chicago,1.31,COMPLETED,2019-10-24 22:26:11 +0000 UTC,41.93432,-87.66565,41.92532,-87.65297
Chicago,23745,Valid,Chicago,1.27,COMPLETED,2019-10-24 13:30:45 +0000 UTC,41.93428,-87.66569,41.92532,-87.6536
Chicago,15428,Valid,Chicago,1.3,COMPLETED,2019-10-22 13:28:38 +0000 UTC,41.93426,-87.66572,41.92541,-87.65288
Chicago,10921,Valid,Chicago,0,CANCELED,2019-10-22 13:27:40 +0000 UTC,41.91769,-87.65892,41.91921359,-87.66107559
Chicago,5493,Valid,Chicago,0.82,COMPLETED,2019-10-13 19:54:56 +0000 UTC,41.93428,-87.66571,41.93978,-87.6627
Chicago,2339,Valid,Chicago,0,CANCELED,2019-10-09 07:26:53 +0000 UTC,,,,
Chicago,16939,Valid,Chicago,0.72,COMPLETED,2019-10-08 20:17:26 +0000 UTC,41.9324894,-87.6657979,41.9326274,-87.6531612
Chicago,388,Valid,Chicago,3.39,COMPLETED,2019-09-27 03:57:29 +0000 UTC,41.94117,-87.71869,41.93415,-87.66603
Chicago,16955,Valid,Chicago,3.68,COMPLETED,2019-09-27 00:16:04 +0000 UTC,41.93316,-87.66857,41.93921,-87.71849
Chicago,10073,Valid,Chicago,1.42,COMPLETED,2019-09-26 13:23:31 +0000 UTC,41.9344041,-87.6636566,41.9253425,-87.6529791
Chicago,5324,Valid,Chicago,0,CANCELED,2019-09-22 10:07:11 +0000 UTC,,,,
Chicago,23135,Valid,Chicago,0,CANCELED,2019-09-12 13:26:33 +0000 UTC,41.90657656,-87.66104462,41.91496912,-87.66733031
Chicago,5287,Valid,Chicago,1.16,COMPLETED,2019-09-10 13:17:44 +0000 UTC,41.9323394,-87.6660255,41.9253264,-87.6529169
Chicago,18048,Valid,Chicago,3.82,COMPLETED,2019-09-07 00:43:37 +0000 UTC,41.93426,-87.66568,41.94091,-87.71868
Chicago,23522,Valid,Chicago,0,UNFULFILLED,2019-09-03 13:07:13 +0000 UTC,,,,
Chicago,18810,Valid,Chicago,0.84,COMPLETED,2019-08-30 21:32:26 +0000 UTC,41.9343205,-87.6659469,41.9326053,-87.6540722
Chicago,11995,Valid,Chicago,0.75,COMPLETED,2019-08-19 18:03:01 +0000 UTC,41.9355689,-87.6697599,41.9342748,-87.6655632
San Francisco,10958,Valid,San Francisco,7.83,COMPLETED,2019-08-01 17:35:21 +0000 UTC,37.4258,-122.14974,37.48841,-122.22543
San Francisco,15372,Valid,San Francisco,0,CANCELED,2019-07-29 23:50:38 +0000 UTC,37.48653426,-122.2237548,37.48903526,-122.2218559
San Francisco,23497,Valid,San Francisco,7.78,COMPLETED,2019-07-29 18:40:20 +0000 UTC,37.42546,-122.14911,37.48858,-122.22544
San Francisco,10029,Valid,San Francisco,0,CANCELED,2019-07-26 18:51:21 +0000 UTC,,,,
San Francisco,14668,Valid,San Francisco,9.57,COMPLETED,2019-07-25 18:04:51 +0000 UTC,37.4254524,-122.1482324,37.4885613,-122.2255182
San Francisco,30378,Valid,San Francisco,6.96,COMPLETED,2019-07-22 19:28:06 +0000 UTC,37.4253313,-122.1487864,37.4882572,-122.2255584
San Francisco,12265,Valid,San Francisco,0,CANCELED,2019-07-19 15:36:56 +0000 UTC,37.42427209,-122.1442619,37.42448384,-122.1445784
San Francisco,24134,Valid,San Francisco,8.53,COMPLETED,2019-07-18 16:24:12 +0000 UTC,37.4255777,-122.1492988,37.4884826,-122.225398
San Francisco,421,Valid,San Francisco,11.84,COMPLETED,2019-07-17 17:32:55 +0000 UTC,37.42519,-122.14864,37.48981,-122.22499
San Francisco,11478,Valid,San Francisco,9.44,COMPLETED,2019-07-16 17:36:21 +0000 UTC,37.4258861,-122.1481409,37.4900298,-122.2241282
San Francisco,11477,Valid,San Francisco,9.48,COMPLETED,2019-07-15 17:33:03 +0000 UTC,37.42577,-122.14968,37.48772,-122.22527
San Francisco,10017,Valid,San Francisco,26.79,COMPLETED,2019-07-15 04:35:30 +0000 UTC,37.218835,-121.9738553,37.4250838,-122.1486581
San Francisco,14710,Valid,San Francisco,4.78,COMPLETED,2019-07-13 21:48:28 +0000 UTC,37.4253166,-122.1488443,37.379655,-122.1177716
San Francisco,5126,Valid,San Francisco,11.38,COMPLETED,2019-07-12 18:39:31 +0000 UTC,37.4257627,-122.149531,37.4878073,-122.225291
San Francisco,18905,Valid,San Francisco,10.03,COMPLETED,2019-07-11 19:35:58 +0000 UTC,37.42529,-122.14877,37.48827,-122.22527
San Francisco,12229,Valid,San Francisco,0,CANCELED,2019-07-11 19:28:15 +0000 UTC,37.42599935,-122.1506974,37.42582226,-122.149774
San Francisco,23468,Valid,San Francisco,9.72,COMPLETED,2019-07-10 19:25:56 +0000 UTC,37.4253158,-122.1487938,37.488135,-122.2255011
San Francisco,11452,Valid,San Francisco,9.7,COMPLETED,2019-07-09 17:34:57 +0000 UTC,37.4254139,-122.1489203,37.4887912,-122.2256839
San Francisco,16819,Valid,San Francisco,11.28,COMPLETED,2019-07-08 17:35:50 +0000 UTC,37.42538,-122.14895,37.4877,-122.22594
San Francisco,12375,Valid,San Francisco,11.47,COMPLETED,2019-07-03 17:27:36 +0000 UTC,37.42545,-122.14884,37.48772,-122.22529
San Francisco,4995,Valid,San Francisco,12.42,COMPLETED,2019-07-02 17:19:25 +0000 UTC,37.4253067,-122.1487629,37.4886639,-122.2255368
San Francisco,12273,Valid,San Francisco,8.86,COMPLETED,2019-06-27 18:35:08 +0000 UTC,37.48412,-122.23254,37.42685,-122.14853
San Francisco,5151,Valid,San Francisco,9.74,COMPLETED,2019-06-25 18:07:21 +0000 UTC,37.425323,-122.1487316,37.4885043,-122.2254465
San Francisco,24329,Valid,San Francisco,9.39,COMPLETED,2019-06-24 17:36:20 +0000 UTC,37.4258,-122.14793,37.48862,-122.22544
San Francisco,12410,Valid,San Francisco,22.42,COMPLETED,2019-06-23 04:37:46 +0000 UTC,37.2433954,-121.9235742,37.4252647,-122.1487921
San Francisco,23906,Valid,San Francisco,9.72,COMPLETED,2019-06-19 17:53:18 +0000 UTC,37.42539,-122.14897,37.48875,-122.22578
San Francisco,23888,Valid,San Francisco,9.51,COMPLETED,2019-06-18 17:48:18 +0000 UTC,37.4260313,-122.1475674,37.4883266,-122.2254089
San Francisco,5143,Valid,San Francisco,0.01,CANCELED,2019-06-18 17:37:38 +0000 UTC,37.41526276,-122.1274549,37.4261423,-122.1475293
San Francisco,2326,Valid,San Francisco,9.48,COMPLETED,2019-06-17 16:30:49 +0000 UTC,37.4267979,-122.1486001,37.4901041,-122.2242947
San Francisco,23526,Valid,San Francisco,21.25,COMPLETED,2019-06-17 04:24:38 +0000 UTC,37.2450933,-121.9236507,37.4253509,-122.1487693
San Francisco,18783,Valid,San Francisco,9.9,COMPLETED,2019-06-14 16:53:12 +0000 UTC,37.4252678,-122.1488407,37.4883568,-122.2256067
San Francisco,5373,Valid,San Francisco,10.31,COMPLETED,2019-06-13 16:47:59 +0000 UTC,37.42569,-122.14954,37.48771,-122.22524
San Francisco,12197,Valid,San Francisco,9.31,COMPLETED,2019-06-11 16:12:08 +0000 UTC,37.42851,-122.14302,37.49012,-122.22441
San Francisco,10952,Valid,San Francisco,9.66,COMPLETED,2019-06-10 16:37:29 +0000 UTC,37.42571,-122.14956,37.48888,-122.22539
San Francisco,11828,Valid,San Francisco,24.21,COMPLETED,2019-06-10 04:07:28 +0000 UTC,37.24355,-121.92375,37.42528,-122.14886
San Francisco,5145,Valid,San Francisco,24.35,COMPLETED,2019-06-09 05:46:39 +0000 UTC,37.24495,-121.9236,37.4253,-122.14879
San Francisco,5288,Valid,San Francisco,0,CANCELED,2019-06-09 05:43:17 +0000 UTC,37.24254804,-121.899254,37.24529298,-121.9022828
San Francisco,5302,Valid,San Francisco,1.22,COMPLETED,2019-06-09 00:30:33 +0000 UTC,37.42617,-122.15055,37.43867,-122.15954
San Francisco,5434,Valid,San Francisco,9.63,COMPLETED,2019-06-07 17:25:11 +0000 UTC,37.4262846,-122.1488746,37.4879936,-122.2254453
San Francisco,14654,Valid,San Francisco,9.73,COMPLETED,2019-06-06 17:39:06 +0000 UTC,37.42531,-122.14881,37.48811,-122.22541
San Francisco,10076,Valid,San Francisco,9.74,COMPLETED,2019-06-05 16:21:33 +0000 UTC,37.42536,-122.1489,37.48826,-122.22546
San Francisco,12448,Valid,San Francisco,9.77,COMPLETED,2019-06-04 23:52:30 +0000 UTC,37.48983,-122.22698,37.42535,-122.14891
San Francisco,12253,Valid,San Francisco,6.71,COMPLETED,2019-06-04 16:36:30 +0000 UTC,37.42632,-122.14896,37.48826,-122.22542
San Francisco,22392,Valid,San Francisco,8.17,COMPLETED,2019-06-03 16:30:27 +0000 UTC,37.4258688,-122.1495072,37.4882267,-122.2253121
San Francisco,23689,Valid,San Francisco,3.37,COMPLETED,2019-06-03 01:36:58 +0000 UTC,37.4253,-122.14878,37.42612,-122.17819
San Francisco,17931,Valid,San Francisco,26.13,COMPLETED,2019-06-02 03:56:50 +0000 UTC,37.24493,-121.9236,37.42531,-122.14881
San Francisco,30743,Valid,San Francisco,21.19,COMPLETED,2019-06-01 22:04:03 +0000 UTC,37.4252,-122.14845,37.2452,-121.9236
San Francisco,12217,Valid,San Francisco,0,CANCELED,2019-06-01 01:18:04 +0000 UTC,37.4556145,-122.1870826,37.4556145,-122.1870826
San Francisco,450,Valid,San Francisco,0,CANCELED,2019-05-30 05:30:22 +0000 UTC,37.5264517,-122.2700587,37.52579215,-122.2711779
San Francisco,10048,Valid,San Francisco,16.37,COMPLETED,2019-05-30 01:32:37 +0000 UTC,37.4262362,-122.1472941,37.5663979,-122.3245148
San Francisco,10089,Valid,San Francisco,0,DRIVER_CANCELED,2019-05-30 01:25:18 +0000 UTC,37.4171386,-122.1466592,37.4260924,-122.1475578
San Francisco,23649,Valid,San Francisco,11.89,COMPLETED,2019-05-28 16:12:07 +0000 UTC,37.4258,-122.14793,37.48914,-122.23872
San Francisco,24202,Valid,San Francisco,1.63,COMPLETED,2019-05-27 21:26:46 +0000 UTC,37.41439,-122.12645,37.42537,-122.14892
San Francisco,11860,Valid,San Francisco,0,CANCELED,2019-05-27 21:26:27 +0000 UTC,,,,
San Francisco,5129,Valid,San Francisco,1.11,COMPLETED,2019-05-27 18:11:10 +0000 UTC,37.42646,-122.15032,37.4384,-122.1605
San Francisco,24354,Valid,San Francisco,1.21,COMPLETED,2019-05-27 03:14:33 +0000 UTC,37.42748,-122.14402,37.42532,-122.14884
San Francisco,16783,Valid,San Francisco,0.56,COMPLETED,2019-05-27 02:39:48 +0000 UTC,37.4263,-122.14891,37.42864,-122.14321
San Francisco,11910,Valid,San Francisco,0.98,COMPLETED,2019-05-26 00:16:35 +0000 UTC,37.4246704,-122.1604957,37.427181,-122.1488136
San Francisco,10947,Valid,San Francisco,2.12,COMPLETED,2019-05-25 02:23:07 +0000 UTC,37.42587,-122.14939,37.42155,-122.16819
San Francisco,5335,Valid,San Francisco,7.44,COMPLETED,2019-05-24 22:19:02 +0000 UTC,37.48735,-122.22536,37.42622,-122.15051
San Francisco,30407,Valid,San Francisco,9.45,COMPLETED,2019-05-24 16:45:16 +0000 UTC,37.42684,-122.14838,37.48983,-122.22434
San Francisco,397,Valid,San Francisco,0.53,COMPLETED,2019-05-24 06:13:05 +0000 UTC,37.42719,-122.1441,37.4253,-122.14878
San Francisco,5104,Valid,San Francisco,0,CANCELED,2019-05-24 06:12:34 +0000 UTC,,,,
San Francisco,7818,Valid,San Francisco,0.29,COMPLETED,2019-05-24 03:58:40 +0000 UTC,37.4261898,-122.1472533,37.4274747,-122.1441218
San Francisco,16718,Valid,San Francisco,0,CANCELED,2019-05-24 00:57:26 +0000 UTC,37.49391022,-122.2448255,37.4907046,-122.2401793
San Francisco,5300,Valid,San Francisco,0.52,COMPLETED,2019-05-23 21:48:21 +0000 UTC,37.48621,-122.2344,37.48736,-122.22562
San Francisco,22651,Valid,San Francisco,10.35,COMPLETED,2019-05-23 16:28:18 +0000 UTC,37.42597,-122.1493,37.48876,-122.2256
San Francisco,22393,Valid,San Francisco,7.31,COMPLETED,2019-05-22 23:57:31 +0000 UTC,37.4884965,-122.2254858,37.4253633,-122.1487396
San Francisco,449,Valid,San Francisco,9.75,COMPLETED,2019-05-22 16:38:40 +0000 UTC,37.42532,-122.14882,37.48834,-122.22549
San Francisco,11841,Valid,San Francisco,0,DRIVER_CANCELED,2019-05-22 16:30:16 +0000 UTC,37.42442166,-122.1444864,37.42582,-122.14977
San Francisco,23157,Valid,San Francisco,1.29,COMPLETED,2019-05-18 04:52:28 +0000 UTC,37.4257712,-122.1495493,37.4234738,-122.157994
San Francisco,22786,Valid,San Francisco,21.47,COMPLETED,2019-05-18 03:22:19 +0000 UTC,37.24506,-121.9236,37.42496,-122.14873
San Francisco,11914,Valid,San Francisco,21.94,COMPLETED,2019-05-15 17:50:19 +0000 UTC,37.24516,-121.92351,37.42527,-122.14874
Chicago,4953,Valid,Chicago,2.43,COMPLETED,2019-05-14 12:50:14 +0000 UTC,41.93426,-87.66586,41.92974,-87.70751
Chicago,45813,Valid,Chicago,0,CANCELED,2019-05-14 12:46:17 +0000 UTC,41.9269173,-87.6492575,41.9290461,-87.6488863
Chicago,5198,Valid,Chicago,2.13,COMPLETED,2019-05-13 19:58:38 +0000 UTC,41.9352336,-87.6665371,41.9084399,-87.6708367
Chicago,12205,Valid,Chicago,0,CANCELED,2019-05-13 19:56:01 +0000 UTC,41.9406149,-87.6692371,41.9406564,-87.6693701
Chicago,4886,Valid,Chicago,0,CANCELED,2019-05-13 19:51:27 +0000 UTC,41.94720004,-87.67243392,41.94740184,-87.67244939
Chicago,10862,Valid,Chicago,2.42,COMPLETED,2019-05-12 19:11:50 +0000 UTC,41.95814,-87.67588,41.93426,-87.66576
Chicago,24339,Valid,Chicago,2.69,COMPLETED,2019-05-11 21:48:06 +0000 UTC,41.93422,-87.66587,41.95778,-87.67566
Chicago,23669,Valid,Chicago,3.33,COMPLETED,2019-05-11 20:50:05 +0000 UTC,41.90185,-87.63157,41.93429,-87.66397
Chicago,24268,Valid,Chicago,4.89,COMPLETED,2019-05-11 17:31:56 +0000 UTC,41.9358543,-87.6709712,41.9019704,-87.6301998
Chicago,4913,Valid,Chicago,0,CANCELED,2019-05-11 17:30:12 +0000 UTC,41.9470471,-87.6637056,41.947082,-87.6637423
Chicago,23601,Valid,Chicago,2,COMPLETED,2019-05-10 14:39:53 +0000 UTC,41.95603,-87.67635,41.93447,-87.66605
Chicago,12368,Valid,Chicago,0,CANCELED,2019-05-10 14:36:05 +0000 UTC,41.94664443,-87.70143528,41.94663683,-87.70132854
Chicago,18098,Valid,Chicago,0,CANCELED,2019-05-10 14:35:37 +0000 UTC,41.94665287,-87.70446645,41.94664271,-87.70356227
Chicago,23886,Valid,Chicago,2.1,COMPLETED,2019-05-10 03:31:35 +0000 UTC,41.9342902,-87.6662434,41.957856,-87.6757554
Chicago,5021,Valid,Chicago,4.87,COMPLETED,2019-05-09 21:46:49 +0000 UTC,41.90913,-87.67558,41.88091,-87.62617
Chicago,14722,Valid,Chicago,2.75,COMPLETED,2019-05-09 16:33:40 +0000 UTC,41.9343025,-87.6660547,41.9105032,-87.6873405
Chicago,16625,Valid,Chicago,6.67,COMPLETED,2019-05-08 17:15:44 +0000 UTC,41.9360533,-87.6662767,41.8808381,-87.6265082
Chicago,4901,Valid,Chicago,10.09,COMPLETED,2019-05-07 17:13:36 +0000 UTC,41.9340878,-87.6660287,41.8740849,-87.6243825
Chicago,12743,Valid,Chicago,0,CANCELED,2019-05-07 17:10:29 +0000 UTC,41.9250327,-87.6767696,41.9250678,-87.6744735
Chicago,12266,Valid,Chicago,0,CANCELED,2019-05-07 17:09:53 +0000 UTC,41.9291054,-87.6503873,41.929126,-87.6513645
Chicago,12063,Valid,Chicago,3.01,COMPLETED,2019-05-07 02:59:43 +0000 UTC,41.9343213,-87.665957,41.921931,-87.6833637
Chicago,16947,Valid,Chicago,0,CANCELED,2019-05-07 02:57:01 +0000 UTC,41.95088882,-87.65945117,41.94775537,-87.65913505
Chicago,12287,Valid,Chicago,18.65,COMPLETED,2019-05-06 23:58:35 +0000 UTC,41.789712,-87.5963392,41.9323848,-87.6658754
Chicago,5417,Valid,Chicago,8.96,COMPLETED,2019-05-06 21:38:25 +0000 UTC,41.8805698,-87.624474,41.7897499,-87.5964558
Chicago,23889,Valid,Chicago,5.16,COMPLETED,2019-05-06 12:05:36 +0000 UTC,41.93247,-87.66585,41.88212,-87.62618
Chicago,15410,Valid,Chicago,0,CANCELED,2019-05-06 11:59:14 +0000 UTC,41.94545815,-87.65189141,41.94864699,-87.66885004
Chicago,7731,Valid,Chicago,0,CANCELED,2019-05-06 11:54:31 +0000 UTC,41.93602812,-87.66845825,41.93603471,-87.66822487
Chicago,7793,Valid,Chicago,1.01,COMPLETED,2019-05-05 02:42:17 +0000 UTC,41.9343235,-87.6656665,41.9398664,-87.6543212
Chicago,16921,Valid,Chicago,3.99,COMPLETED,2019-05-04 17:45:30 +0000 UTC,41.9343619,-87.6638017,41.9059828,-87.6799495
Chicago,2298,Valid,Chicago,10.3,COMPLETED,2019-05-04 08:21:23 +0000 UTC,41.8724227,-87.6286799,41.9342629,-87.665698
Chicago,11853,Valid,Chicago,7.24,COMPLETED,2019-05-03 18:31:10 +0000 UTC,41.9343345,-87.6635239,41.8740272,-87.6243574
Chicago,7770,Valid,Chicago,0.95,COMPLETED,2019-05-03 01:41:50 +0000 UTC,41.88144,-87.62619,41.86772,-87.62583
Chicago,22769,Valid,Chicago,0,CANCELED,2019-05-03 01:36:14 +0000 UTC,41.88118566,-87.6370117,41.88074619,-87.62786481
Chicago,12275,Valid,Chicago,6.03,COMPLETED,2019-05-02 22:13:35 +0000 UTC,41.93437,-87.66605,41.88117,-87.62444
Chicago,18057,Valid,Chicago,2.47,COMPLETED,2019-05-02 05:39:00 +0000 UTC,41.90552,-87.66987,41.93427,-87.66553
Chicago,5435,Valid,Chicago,3.78,COMPLETED,2019-05-02 02:59:14 +0000 UTC,41.93426,-87.66563,41.90584,-87.67037
Chicago,23596,Valid,Chicago,0,CANCELED,2019-05-02 02:55:53 +0000 UTC,41.93237483,-87.66614217,41.93516514,-87.66841783
Chicago,15464,Valid,Chicago,6.14,COMPLETED,2019-04-30 22:13:50 +0000 UTC,41.93408,-87.6636,41.881,-87.62448
Chicago,12030,Valid,Chicago,6.39,COMPLETED,2019-04-30 20:49:20 +0000 UTC,41.8733506,-87.6241318,41.9342719,-87.6633149
Chicago,7776,Valid,Chicago,5.17,COMPLETED,2019-04-30 17:05:39 +0000 UTC,41.9328839,-87.6439282,41.8748078,-87.6244859
Chicago,18820,Valid,Chicago,0,CANCELED,2019-04-30 16:56:10 +0000 UTC,41.9410383,-87.6493872,41.9474735,-87.6473136
Chicago,5342,Valid,Chicago,1.81,COMPLETED,2019-04-29 20:53:34 +0000 UTC,41.9352233,-87.669781,41.9219054,-87.6833771
Chicago,5101,Valid,Chicago,0,CANCELED,2019-04-29 20:53:18 +0000 UTC,,,,
Chicago,23481,Valid,Chicago,4.87,COMPLETED,2019-04-29 15:40:57 +0000 UTC,41.8806721,-87.6263454,41.9343206,-87.6634891
Chicago,10924,Valid,Chicago,1.13,COMPLETED,2019-04-29 13:20:13 +0000 UTC,41.93246,-87.66626,41.92555,-87.65367
Chicago,5180,Valid,Chicago,1.52,COMPLETED,2019-04-28 21:46:06 +0000 UTC,41.93925,-87.64435,41.93426,-87.6656
Chicago,15396,Valid,Chicago,2.63,COMPLETED,2019-04-28 21:20:28 +0000 UTC,41.93427,-87.66553,41.939,-87.64435
Chicago,16963,Valid,Chicago,1.2,COMPLETED,2019-04-28 08:00:04 +0000 UTC,41.94026,-87.6509,41.93426,-87.66569
Chicago,17969,Valid,Chicago,1.29,COMPLETED,2019-04-27 00:00:52 +0000 UTC,41.93426,-87.66573,41.92867,-87.64884
Chicago,24220,Valid,Chicago,1.97,COMPLETED,2019-04-26 03:45:15 +0000 UTC,41.9342883,-87.6656813,41.9219226,-87.6831759
Chicago,23177,Valid,Chicago,0.79,COMPLETED,2019-04-25 23:40:02 +0000 UTC,41.93427,-87.66554,41.93627,-87.65397
Chicago,23651,Valid,Chicago,9.64,COMPLETED,2019-04-25 18:25:24 +0000 UTC,41.93427,-87.66554,41.85091,-87.61394
Chicago,24237,Valid,Chicago,0,CANCELED,2019-04-25 18:24:48 +0000 UTC,41.9365271,-87.6491248,41.9366582,-87.64912837
Chicago,6616,Valid,Chicago,0,CANCELED,2019-04-25 18:21:34 +0000 UTC,41.93228493,-87.64897291,41.93537629,-87.64908053
Chicago,14657,Valid,Chicago,0,CANCELED,2019-04-25 18:20:39 +0000 UTC,41.9377516,-87.6659711,41.9377688,-87.6659875
Chicago,12453,Valid,Chicago,0,CANCELED,2019-04-25 18:17:15 +0000 UTC,41.9421292,-87.6663343,41.9389152,-87.6661968
Chicago,23511,Valid,Chicago,7.89,COMPLETED,2019-04-24 17:45:25 +0000 UTC,41.9343,-87.6635,41.88111,-87.62449
Chicago,4985,Valid,Chicago,0,CANCELED,2019-04-24 17:43:07 +0000 UTC,41.9270015,-87.6733265,41.9269988,-87.6733277
Chicago,5414,Valid,Chicago,5.5,COMPLETED,2019-04-24 01:58:27 +0000 UTC,41.8798295,-87.6257499,41.934279,-87.6655847
Chicago,11908,Valid,Chicago,7.83,COMPLETED,2019-04-23 17:18:01 +0000 UTC,41.9324332,-87.6658514,41.8739486,-87.6243949
Chicago,2323,Valid,Chicago,0,CANCELED,2019-04-23 17:14:26 +0000 UTC,41.93464903,-87.66160559,41.93219377,-87.6582701
Chicago,10035,Valid,Chicago,0,CANCELED,2019-04-23 17:13:49 +0000 UTC,41.93594759,-87.67602334,41.93597621,-87.67417665
Chicago,5137,Valid,Chicago,2.84,COMPLETED,2019-04-23 01:58:24 +0000 UTC,41.9342439,-87.6656992,41.9057777,-87.6797751
Chicago,6624,Valid,Chicago,0,CANCELED,2019-04-23 01:58:13 +0000 UTC,,,,
Chicago,24258,Valid,Chicago,5.45,COMPLETED,2019-04-22 17:21:54 +0000 UTC,41.9342967,-87.6655083,41.87807,-87.6357567
Chicago,5167,Valid,Chicago,2.29,COMPLETED,2019-04-21 01:48:48 +0000 UTC,41.9352,-87.66625,41.90382,-87.66758
Chicago,5464,Valid,Chicago,0.56,COMPLETED,2019-04-20 06:05:05 +0000 UTC,41.9342824,-87.6659584,41.9397424,-87.6697258
Chicago,7756,Valid,Chicago,0.39,COMPLETED,2019-04-18 21:52:55 +0000 UTC,41.8851371,-87.6243163,41.8807524,-87.6263513
Chicago,22384,Valid,Chicago,1.19,COMPLETED,2019-04-18 20:28:17 +0000 UTC,41.8804775,-87.6245258,41.8854755,-87.6241587
Chicago,16708,Valid,Chicago,0,CANCELED,2019-04-18 20:28:06 +0000 UTC,,,,
Chicago,12270,Valid,Chicago,8.83,COMPLETED,2019-04-18 18:16:12 +0000 UTC,41.9342017,-87.6636769,41.8809053,-87.6236683
Chicago,16991,Valid,Chicago,1.53,COMPLETED,2019-04-18 02:58:56 +0000 UTC,41.9398503,-87.644366,41.9343891,-87.6637148
Chicago,18044,Valid,Chicago,6.45,COMPLETED,2019-04-17 17:19:16 +0000 UTC,41.9361,-87.6659,41.88117,-87.62083
Chicago,5394,Valid,Chicago,7.96,COMPLETED,2019-04-16 22:20:29 +0000 UTC,41.9335076,-87.6657419,41.88099,-87.6259517
Chicago,18107,Valid,Chicago,3.25,COMPLETED,2019-04-15 19:46:34 +0000 UTC,41.9342824,-87.6659804,41.9336528,-87.7141045
Chicago,5142,Valid,Chicago,2.46,COMPLETED,2019-04-15 19:15:01 +0000 UTC,41.9164556,-87.6661876,41.9342989,-87.6654865
Chicago,10110,Valid,Chicago,2,COMPLETED,2019-04-14 18:31:40 +0000 UTC,41.93337,-87.66613,41.91065,-87.6737
Chicago,430,Valid,Chicago,8.38,COMPLETED,2019-04-12 19:57:36 +0000 UTC,41.8676518,-87.6239989,41.9343062,-87.6655508
Chicago,5040,Valid,Chicago,6.49,COMPLETED,2019-04-12 16:23:55 +0000 UTC,41.9345958,-87.6654697,41.8794718,-87.6242879
Chicago,22764,Valid,Chicago,5.47,COMPLETED,2019-04-11 18:30:26 +0000 UTC,41.9343425,-87.6641065,41.8845641,-87.6219253
Chicago,12753,Valid,Chicago,0,CANCELED,2019-04-11 18:21:56 +0000 UTC,41.9322273,-87.6808169,41.9333323,-87.6659744
Chicago,5449,Valid,Chicago,4.81,COMPLETED,2019-04-11 05:06:18 +0000 UTC,41.9343982,-87.6637235,41.89122,-87.6488812
Chicago,23487,Valid,Chicago,5.79,COMPLETED,2019-04-11 02:00:08 +0000 UTC,41.8806299,-87.6258788,41.9342899,-87.6655703
Chicago,18878,Valid,Chicago,6.56,COMPLETED,2019-04-10 17:18:32 +0000 UTC,41.9360614,-87.6658986,41.8809101,-87.6239042
Chicago,5507,Valid,Chicago,0,DRIVER_CANCELED,2019-04-10 17:13:23 +0000 UTC,41.9381035,-87.6664838,41.9342741,-87.6659817
Chicago,24161,Valid,Chicago,6.83,COMPLETED,2019-04-09 17:00:31 +0000 UTC,41.93432,-87.66337,41.87447,-87.62446
Chicago,5168,Valid,Chicago,0,CANCELED,2019-04-09 06:24:56 +0000 UTC,,,,
Chicago,16774,Valid,Chicago,11.2,COMPLETED,2019-04-08 21:08:39 +0000 UTC,41.88081,-87.62556,41.93427,-87.66541
Chicago,18812,Valid,Chicago,5.19,COMPLETED,2019-04-08 13:12:02 +0000 UTC,41.93414,-87.66361,41.88056,-87.6278
Chicago,23585,Valid,Chicago,0,CANCELED,2019-04-08 13:11:12 +0000 UTC,41.93018261,-87.66709602,41.93016109,-87.66709535
Chicago,16961,Valid,Chicago,2.53,COMPLETED,2019-04-07 01:49:44 +0000 UTC,41.93426,-87.66572,41.90588,-87.67
Chicago,11865,Valid,Chicago,0,CANCELED,2019-04-07 01:49:02 +0000 UTC,41.94167706,-87.6520454,41.94062198,-87.65119762
Chicago,23479,Valid,Chicago,0,CANCELED,2019-04-07 01:48:48 +0000 UTC,,,,
Chicago,15421,Valid,Chicago,7.13,COMPLETED,2019-04-05 01:57:39 +0000 UTC,41.87966,-87.62611,41.93437,-87.66605
Chicago,11826,Valid,Chicago,0,CANCELED,2019-04-05 01:55:52 +0000 UTC,41.880766,-87.6365618,41.8808329,-87.6364105
Chicago,7,Valid,Chicago,0,CANCELED,2019-04-05 01:55:01 +0000 UTC,41.87047219,-87.62738308,41.87085469,-87.62739928
Chicago,5317,Valid,Chicago,18.43,COMPLETED,2019-04-04 05:03:50 +0000 UTC,41.78636,-87.59636,41.95117,-87.65966
Chicago,15488,Valid,Chicago,0,CANCELED,2019-04-04 04:58:24 +0000 UTC,41.7950898,-87.5982895,41.7878975,-87.5963911
Chicago,23625,Valid,Chicago,8.88,COMPLETED,2019-04-04 02:01:01 +0000 UTC,41.88199,-87.62622,41.78795,-87.59637
Chicago,5279,Valid,Chicago,7.58,COMPLETED,2019-04-03 17:55:41 +0000 UTC,41.9343281,-87.6661025,41.8808291,-87.6277363
Chicago,5065,Valid,Chicago,2.26,COMPLETED,2019-04-03 02:26:11 +0000 UTC,41.9230379,-87.6674542,41.9341617,-87.6659813
Chicago,44717,Valid,Chicago,0.98,COMPLETED,2019-04-03 00:42:36 +0000 UTC,41.9343256,-87.6657025,41.9229888,-87.6674519
Chicago,15383,Valid,Chicago,6.83,COMPLETED,2019-04-02 17:15:39 +0000 UTC,41.93426,-87.6657,41.87414,-87.62429
Chicago,7820,Valid,Chicago,6.86,COMPLETED,2019-04-01 13:14:52 +0000 UTC,41.93438,-87.66362,41.88248,-87.62624
Chicago,7645,Valid,Chicago,1.43,COMPLETED,2019-03-31 01:05:09 +0000 UTC,41.93426,-87.66563,41.93881,-87.64434
Chicago,393,Valid,Chicago,3.78,COMPLETED,2019-03-29 20:47:14 +0000 UTC,41.9343,-87.66558,41.90577,-87.67975
Chicago,10120,Valid,Chicago,0,CANCELED,2019-03-29 04:20:33 +0000 UTC,41.9098878,-87.723088,41.9099014,-87.7223098
Chicago,16803,Valid,Chicago,6.14,COMPLETED,2019-03-28 23:03:06 +0000 UTC,41.9342822,-87.6657776,41.9728508,-87.6912412
Chicago,12251,Valid,Chicago,0,CANCELED,2019-03-28 04:45:44 +0000 UTC,41.9093225,-87.6920913,41.9102049,-87.6919262
Chicago,7771,Valid,Chicago,2.23,COMPLETED,2019-03-28 01:37:33 +0000 UTC,41.93426,-87.66588,41.90396,-87.66764
Chicago,2304,Valid,Chicago,6.9,COMPLETED,2019-03-27 16:18:31 +0000 UTC,41.93426,-87.66582,41.88085,-87.62448
Chicago,16755,Valid,Chicago,0,CANCELED,2019-03-27 16:18:04 +0000 UTC,,,,
Chicago,15454,Valid,Chicago,0,CANCELED,2019-03-27 16:13:15 +0000 UTC,41.9256807,-87.6682735,41.9333464,-87.666383
Chicago,23119,Valid,Chicago,6.58,COMPLETED,2019-03-27 01:09:05 +0000 UTC,41.87292,-87.66694,41.93393,-87.66834
Chicago,12238,Valid,Chicago,7.88,COMPLETED,2019-03-26 19:22:40 +0000 UTC,41.9338,-87.66602,41.86672,-87.61399
Chicago,23727,Valid,Chicago,0,CANCELED,2019-03-26 19:19:30 +0000 UTC,41.93646269,-87.66371192,41.93646269,-87.66371192
Chicago,24148,Valid,Chicago,8.32,COMPLETED,2019-03-24 03:31:29 +0000 UTC,41.9342955,-87.6655682,41.8730882,-87.6335698
Chicago,18109,Valid,Chicago,1.16,COMPLETED,2019-03-21 03:00:08 +0000 UTC,41.9325212,-87.665866,41.9322659,-87.6883781
Chicago,16739,Valid,Chicago,0,CANCELED,2019-03-21 02:58:31 +0000 UTC,41.93659302,-87.64920363,41.93331888,-87.64907305
Chicago,12755,Valid,Chicago,9.33,COMPLETED,2019-03-20 19:18:23 +0000 UTC,41.8804918,-87.6245555,41.9343481,-87.6636337
Chicago,12764,Valid,Chicago,7.46,COMPLETED,2019-03-20 17:20:12 +0000 UTC,41.93432,-87.66604,41.88102,-87.62426
Chicago,5007,Valid,Chicago,7.33,COMPLETED,2019-03-19 17:20:07 +0000 UTC,41.9343,-87.66362,41.87575,-87.62452
Chicago,4911,Valid,Chicago,6.62,COMPLETED,2019-03-18 12:17:03 +0000 UTC,41.9352495,-87.6637129,41.8809452,-87.6259709
Chicago,5023,Valid,Chicago,9.98,COMPLETED,2019-03-17 02:40:04 +0000 UTC,41.88071,-87.62591,41.93336,-87.66614
Chicago,15490,Valid,Chicago,0,CANCELED,2019-03-17 02:39:44 +0000 UTC,,,,
Chicago,7754,Valid,Chicago,0,CANCELED,2019-03-17 02:38:47 +0000 UTC,41.88678561,-87.62748689,41.8869376,-87.626612
Chicago,31283,Valid,Chicago,2.69,COMPLETED,2019-03-16 15:54:11 +0000 UTC,41.93429634,-87.66592959,41.91209078,-87.67753448
Chicago,7733,Valid,Chicago,4.79,COMPLETED,2019-03-16 04:13:30 +0000 UTC,41.93427506,-87.66572498,41.90565993,-87.67023872
Chicago,24089,Valid,Chicago,6.41,COMPLETED,2019-03-12 17:19:27 +0000 UTC,41.93237,-87.66572,41.87394,-87.62433
Chicago,7643,Valid,Chicago,13.52,COMPLETED,2019-03-10 23:06:04 +0000 UTC,41.93430737,-87.66562358,41.78786824,-87.59553026
Chicago,18049,Valid,Chicago,2.29,COMPLETED,2019-03-10 08:13:25 +0000 UTC,41.90576,-87.67024,41.93429,-87.6684
Chicago,16910,Valid,Chicago,2.38,COMPLETED,2019-03-09 23:33:52 +0000 UTC,41.93427112,-87.66570456,41.90848137,-87.67452065
Chicago,24144,Valid,Chicago,0,CANCELED,2019-03-09 23:33:39 +0000 UTC,,,,
Chicago,24280,Valid,Chicago,0,CANCELED,2019-03-09 23:31:04 +0000 UTC,41.94685895,-87.66886332,41.9469576,-87.6713665
Chicago,24109,Valid,Chicago,6.7,COMPLETED,2019-03-04 14:18:07 +0000 UTC,41.93222,-87.66596,41.87946,-87.62764
Chicago,16911,Valid,Chicago,5.52,COMPLETED,2019-03-02 16:12:31 +0000 UTC,41.93238,-87.66597,41.881,-87.62617
Chicago,11479,Valid,Chicago,3.23,COMPLETED,2019-03-02 04:40:12 +0000 UTC,41.93427724,-87.66554897,41.93005552,-87.71357178
Chicago,10857,Valid,Chicago,7.01,COMPLETED,2019-03-01 22:15:46 +0000 UTC,41.88213,-87.62576,41.9343,-87.66362
Chicago,16820,Valid,Chicago,6,COMPLETED,2019-03-01 16:18:02 +0000 UTC,41.93433578,-87.66375301,41.88134751,-87.62605248
Chicago,14672,Valid,Chicago,1.63,COMPLETED,2019-03-01 07:49:47 +0000 UTC,41.94397,-87.65426,41.93426,-87.66563
Chicago,6663,Valid,Chicago,7.11,COMPLETED,2019-03-01 03:33:10 +0000 UTC,41.88432,-87.62602,41.94414,-87.65402
Chicago,12413,Valid,Chicago,6.45,COMPLETED,2019-02-28 22:50:50 +0000 UTC,41.93346,-87.66605,41.88145,-87.62619
Chicago,12052,Valid,Chicago,0,CANCELED,2019-02-28 22:47:15 +0000 UTC,41.94065723,-87.67115199,41.93801856,-87.6710592
Chicago,24343,Valid,Chicago,5.22,COMPLETED,2019-02-27 04:11:29 +0000 UTC,41.88134,-87.62937,41.9332,-87.66834
Chicago,52412,Valid,Chicago,0,CANCELED,2019-02-27 04:10:01 +0000 UTC,41.88680773,-87.63102866,41.88680773,-87.63102866
Chicago,24033,Valid,Chicago,2.56,COMPLETED,2019-02-23 23:31:22 +0000 UTC,41.93268,-87.65305,41.93235,-87.66718
Chicago,16996,Valid,Chicago,7.3,COMPLETED,2019-02-23 15:26:24 +0000 UTC,41.93539674,-87.66592377,41.88406807,-87.62430736
Chicago,15491,Valid,Chicago,0.98,COMPLETED,2019-02-23 05:11:35 +0000 UTC,41.93808,-87.65422,41.9343,-87.66346
Chicago,11843,Valid,Chicago,0,CANCELED,2019-02-23 03:52:12 +0000 UTC,41.9504577,-87.6470905,41.9514276,-87.6487762
Chicago,23671,Valid,Chicago,9.69,COMPLETED,2019-02-23 00:35:26 +0000 UTC,41.93993467,-87.65120669,41.83535661,-87.65116712
Chicago,4888,Valid,Chicago,1.19,COMPLETED,2019-02-23 00:20:18 +0000 UTC,41.9343221,-87.6659708,41.9399894,-87.650442
Chicago,18786,Valid,Chicago,7.09,COMPLETED,2019-02-22 03:44:44 +0000 UTC,41.88193762,-87.6267771,41.93431119,-87.66557283
Chicago,12080,Valid,Chicago,6.77,COMPLETED,2019-02-18 14:15:53 +0000 UTC,41.9343,-87.66362,41.88086,-87.62617
Chicago,12364,Valid,Chicago,1,COMPLETED,2019-02-15 18:51:07 +0000 UTC,41.93945518,-87.66832657,41.94186018,-87.65211465
Chicago,24210,Valid,Chicago,0,CANCELED,2019-02-14 23:17:22 +0000 UTC,41.93911029,-87.64913966,41.93561006,-87.64892702
Chicago,5177,Valid,Chicago,0.74,COMPLETED,2019-02-14 03:59:14 +0000 UTC,41.943364,-87.6640098,41.93690194,-87.64912614
Chicago,5078,Valid,Chicago,0,CANCELED,2019-02-14 03:54:57 +0000 UTC,,,,
Chicago,55546,Valid,Chicago,0.94,COMPLETED,2019-02-14 00:43:20 +0000 UTC,41.93438,-87.66362,41.9479,-87.66403
Chicago,30376,Valid,Chicago,2.5,COMPLETED,2019-02-13 22:35:47 +0000 UTC,41.91859,-87.68917,41.9343,-87.66351
Chicago,12357,Valid,Chicago,0,CANCELED,2019-02-13 20:09:31 +0000 UTC,41.93264185,-87.65791098,41.93253764,-87.66314276
Chicago,12320,Valid,Chicago,0,DRIVER_CANCELED,2019-02-13 12:48:15 +0000 UTC,41.91708106,-87.66057309,41.93246528,-87.66625835
Chicago,5391,Valid,Chicago,1.16,COMPLETED,2019-02-12 05:44:08 +0000 UTC,41.93999,-87.65054,41.93427,-87.66552
Chicago,23593,Valid,Chicago,0.42,COMPLETED,2019-02-12 04:36:42 +0000 UTC,41.9441825,-87.6543257,41.9401707,-87.6507621
Chicago,24326,Valid,Chicago,1.86,COMPLETED,2019-02-12 02:47:02 +0000 UTC,41.93426,-87.6656,41.94411,-87.65422
Chicago,371,Valid,Chicago,0,CANCELED,2019-02-12 02:39:27 +0000 UTC,41.9252463,-87.66200721,41.93417226,-87.6636207
Chicago,11840,Valid,Chicago,0,CANCELED,2019-02-09 15:23:26 +0000 UTC,,,,
Chicago,5289,Valid,Chicago,0,CANCELED,2019-02-08 03:29:27 +0000 UTC,41.86829101,-87.63279963,41.86807456,-87.63279198
Chicago,22584,Valid,Chicago,2.11,COMPLETED,2019-02-08 02:45:45 +0000 UTC,41.88088,-87.62617,41.85588,-87.63312
Chicago,11886,Valid,Chicago,12.67,COMPLETED,2019-02-07 19:18:22 +0000 UTC,41.93247,-87.66617,41.88085,-87.62406
Chicago,7760,Valid,Chicago,7.08,COMPLETED,2019-02-06 20:26:53 +0000 UTC,41.8809267,-87.6237617,41.9342279,-87.6653341
Chicago,12234,Valid,Chicago,0,DRIVER_CANCELED,2019-02-06 20:21:20 +0000 UTC,41.88077113,-87.62692483,41.88066,-87.62616
Chicago,2293,Valid,Chicago,0,CANCELED,2019-02-06 18:44:27 +0000 UTC,41.87788379,-87.62977291,41.88071185,-87.62929309
Chicago,18866,Valid,Chicago,6.46,COMPLETED,2019-02-06 18:07:06 +0000 UTC,41.93426,-87.66604,41.88117,-87.62618
Chicago,18788,Valid,Chicago,7.01,COMPLETED,2019-02-05 18:13:54 +0000 UTC,41.93424,-87.66361,41.87574,-87.62601
Chicago,12461,Valid,Chicago,8.1,COMPLETED,2019-02-03 23:13:06 +0000 UTC,41.93340737,-87.66622402,41.85582911,-87.63453095
Chicago,23134,Valid,Chicago,6.87,COMPLETED,2019-02-03 21:47:03 +0000 UTC,41.8808637,-87.6260155,41.9342596,-87.6657122
Chicago,17922,Valid,Chicago,1.63,COMPLETED,2019-02-03 07:04:54 +0000 UTC,41.94015065,-87.65074923,41.93428782,-87.66567694
Chicago,7740,Valid,Chicago,1.2,COMPLETED,2019-02-03 03:49:03 +0000 UTC,41.93427615,-87.66565291,41.93995966,-87.6504223
Chicago,22605,Valid,Chicago,0.8,COMPLETED,2019-02-01 22:08:58 +0000 UTC,41.94215143,-87.66861566,41.93430676,-87.66555526
Chicago,24211,Valid,Chicago,0.66,COMPLETED,2019-02-01 21:53:19 +0000 UTC,41.93432,-87.66601,41.94211,-87.66865
Chicago,24140,Valid,Chicago,0,CANCELED,2019-02-01 21:48:38 +0000 UTC,41.93995191,-87.66880895,41.93833072,-87.66674741
Chicago,16938,Valid,Chicago,0.8,COMPLETED,2019-01-31 22:34:37 +0000 UTC,41.94173,-87.6692,41.93426,-87.66561
Chicago,12302,Valid,Chicago,0.67,COMPLETED,2019-01-31 21:16:08 +0000 UTC,41.934297,-87.6657521,41.9419914,-87.6686003
Chicago,7720,Valid,Chicago,0,CANCELED,2019-01-31 21:15:58 +0000 UTC,,,,
Chicago,10022,Valid,Chicago,1.24,COMPLETED,2019-01-29 02:23:24 +0000 UTC,41.92301,-87.66753,41.93426,-87.66571
Chicago,10843,Valid,Chicago,0.94,COMPLETED,2019-01-29 01:18:54 +0000 UTC,41.93426,-87.66575,41.923,-87.66748
Chicago,15414,Valid,Chicago,1.67,COMPLETED,2019-01-25 22:19:36 +0000 UTC,41.94322,-87.67954,41.93427,-87.66554
Chicago,22785,Valid,Chicago,1.75,COMPLETED,2019-01-25 20:57:18 +0000 UTC,41.93426,-87.66561,41.94321,-87.68028
Chicago,5096,Valid,Chicago,8.48,COMPLETED,2019-01-24 17:57:43 +0000 UTC,41.9342758,-87.6656573,41.8811359,-87.626323
Chicago,16712,Valid,Chicago,1.86,COMPLETED,2019-01-23 23:02:42 +0000 UTC,41.9492133,-87.64962054,41.9343027,-87.66551857
Chicago,18016,Valid,Chicago,1.87,COMPLETED,2019-01-23 21:23:14 +0000 UTC,41.93428616,-87.66566666,41.9487671,-87.64947209
Chicago,12735,Valid,Chicago,15.03,COMPLETED,2019-01-21 12:43:26 +0000 UTC,41.97905,-87.90594,41.93426,-87.66604
Chicago,12377,Valid,Chicago,3.33,COMPLETED,2018-12-15 00:56:01 +0000 UTC,41.93576164,-87.66979021,41.90045538,-87.68453783
Chicago,7644,Valid,Chicago,0,CANCELED,2018-12-15 00:54:55 +0000 UTC,41.93792676,-87.67826585,41.9395198,-87.6781843
Chicago,5503,Valid,Chicago,0,CANCELED,2018-12-15 00:53:39 +0000 UTC,41.9337239,-87.6781186,41.9352451,-87.6781498
Chicago,5392,Valid,Chicago,5.91,COMPLETED,2018-12-09 04:39:35 +0000 UTC,41.87953,-87.62611,41.93248,-87.66584
Chicago,456,Valid,Chicago,0,CANCELED,2018-12-08 09:50:41 +0000 UTC,41.90057568,-87.63124923,41.9039394,-87.63016086
Chicago,16704,Valid,Chicago,0.66,COMPLETED,2018-12-08 05:30:01 +0000 UTC,41.93271,-87.65365,41.93431,-87.66552
Chicago,22783,Valid,Chicago,0,CANCELED,2018-12-07 19:25:12 +0000 UTC,41.92991422,-87.68244113,41.92971801,-87.68215043
Chicago,2281,Valid,Chicago,6.05,COMPLETED,2018-12-06 19:26:21 +0000 UTC,41.9324,-87.66573,41.87953,-87.62442
Chicago,5026,Valid,Chicago,0,CANCELED,2018-12-06 06:18:41 +0000 UTC,41.93732422,-87.64428891,41.93918084,-87.64473307
Chicago,5141,Valid,Chicago,5.1,COMPLETED,2018-12-01 06:07:33 +0000 UTC,41.89103,-87.61897,41.93423,-87.66558
Chicago,23485,Valid,Chicago,0,CANCELED,2018-12-01 02:51:22 +0000 UTC,41.93517,-87.66842,41.93514659,-87.67090957
Chicago,16627,Valid,Chicago,2.54,COMPLETED,2018-11-29 22:46:26 +0000 UTC,41.9342765,-87.6656569,41.9082151,-87.6800002
Chicago,11443,Valid,Chicago,7.09,COMPLETED,2018-11-28 03:01:59 +0000 UTC,41.88595,-87.62786,41.93426,-87.66604
Chicago,390,Valid,Chicago,2.59,COMPLETED,2018-11-27 23:38:18 +0000 UTC,41.9341,-87.66603,41.91662,-87.68705
Chicago,4993,Valid,Chicago,1.85,COMPLETED,2018-11-23 18:30:07 +0000 UTC,41.91934,-87.68254,41.93424,-87.66604
Chicago,426,Valid,Chicago,10.7,COMPLETED,2018-11-20 01:02:17 +0000 UTC,41.94016,-87.65083,41.85792,-87.6572
Chicago,24169,Valid,Chicago,0,CANCELED,2018-11-19 04:12:01 +0000 UTC,41.95458267,-87.65106107,41.93505321,-87.66608857
Chicago,18082,Valid,Chicago,5.41,COMPLETED,2018-11-15 14:41:28 +0000 UTC,41.91837,-87.68488,41.8803,-87.62443
Chicago,454,Valid,Chicago,0,CANCELED,2018-11-15 14:35:16 +0000 UTC,41.92876841,-87.66899856,41.92668783,-87.66822296
Chicago,23797,Valid,Chicago,3.76,COMPLETED,2018-11-15 00:11:12 +0000 UTC,41.9082792,-87.6799001,41.93423,-87.6660621
Chicago,5004,Valid,Chicago,2.67,COMPLETED,2018-11-14 21:07:29 +0000 UTC,41.93426,-87.66592,41.90545,-87.67964
Chicago,11814,Valid,Chicago,5.7,COMPLETED,2018-11-08 21:04:46 +0000 UTC,41.8802055,-87.6244694,41.9332735,-87.6690275
Chicago,16882,Valid,Chicago,6.56,COMPLETED,2018-11-07 02:56:04 +0000 UTC,41.88516,-87.62797,41.93337,-87.66583
Chicago,6657,Valid,Chicago,7.73,COMPLETED,2018-11-05 19:51:03 +0000 UTC,41.86518,-87.61703,41.93427,-87.66534
Chicago,24158,Valid,Chicago,1.27,COMPLETED,2018-11-05 06:20:34 +0000 UTC,41.93424,-87.66604,41.93775,-87.64917
Chicago,4955,Valid,Chicago,0,CANCELED,2018-11-05 06:19:59 +0000 UTC,41.92920473,-87.70241409,41.93015782,-87.70244006
Chicago,24320,Valid,Chicago,7.48,FARE_SPLIT,2018-11-05 05:56:35 +0000 UTC,,,,
Chicago,12317,Valid,Chicago,8.95,COMPLETED,2018-11-04 23:44:13 +0000 UTC,41.9349564,-87.6660987,41.8579846,-87.657553
Chicago,15477,Valid,Chicago,1.08,COMPLETED,2018-11-04 02:24:39 +0000 UTC,41.93426,-87.66364,41.94,-87.65018
Chicago,5381,Valid,Chicago,3.62,COMPLETED,2018-11-03 23:57:37 +0000 UTC,41.91067396,-87.64841546,41.93424831,-87.66566099
Chicago,2340,Valid,Chicago,0,CANCELED,2018-11-03 21:57:57 +0000 UTC,41.93509893,-87.66853653,41.93364476,-87.66903514
Chicago,12271,Valid,Chicago,0,CANCELED,2018-11-03 21:49:22 +0000 UTC,41.9384965,-87.6831901,41.9356404,-87.6630552
Chicago,11858,Valid,Chicago,5.21,COMPLETED,2018-11-02 12:54:41 +0000 UTC,41.9323659,-87.665949,41.8811872,-87.6259694
Chicago,12367,Valid,Chicago,7.41,COMPLETED,2018-11-01 16:26:14 +0000 UTC,41.8667359,-87.6141873,41.9343234,-87.6634593
Chicago,16725,Valid,Chicago,1.96,COMPLETED,2018-10-31 22:53:40 +0000 UTC,41.90985,-87.65309,41.93431,-87.66561
Chicago,18842,Valid,Chicago,1.82,COMPLETED,2018-10-31 21:15:43 +0000 UTC,41.9343106,-87.6634685,41.910947,-87.6542305
Chicago,18116,Valid,Chicago,7.19,COMPLETED,2018-10-30 13:14:06 +0000 UTC,41.9334567,-87.6636494,41.8817666,-87.6263359
Chicago,56575,Valid,Chicago,1.99,COMPLETED,2018-10-29 20:40:39 +0000 UTC,41.92166,-87.63569,41.93426,-87.66569
Chicago,23168,Valid,Chicago,2.34,COMPLETED,2018-10-29 14:24:45 +0000 UTC,41.9385944,-87.649608,41.9218309,-87.6358056
Chicago,10842,Valid,Chicago,1.14,COMPLETED,2018-10-29 13:46:51 +0000 UTC,41.93433,-87.66604,41.93832,-87.64915
Chicago,15379,Valid,Chicago,4.99,COMPLETED,2018-10-26 20:14:44 +0000 UTC,41.8817122,-87.6294383,41.9342688,-87.6654994
Chicago,23089,Valid,Chicago,7.24,COMPLETED,2018-10-26 02:40:52 +0000 UTC,41.88213,-87.62473,41.93431,-87.6684
San Francisco,16646,Valid,San Francisco,0,CANCELED,2018-10-21 02:41:34 +0000 UTC,,,,
Chicago,10870,Valid,Chicago,3.87,COMPLETED,2018-10-18 02:39:07 +0000 UTC,41.94318,-87.64936,41.91859,-87.68736
Chicago,4981,Valid,Chicago,5.47,COMPLETED,2018-10-16 17:03:57 +0000 UTC,41.8832286,-87.626776,41.9342742,-87.6655358
Chicago,10054,Valid,Chicago,9.54,COMPLETED,2018-10-15 20:40:13 +0000 UTC,41.8652783,-87.6169233,41.9343417,-87.6633417
Chicago,11471,Valid,Chicago,7.47,COMPLETED,2018-10-15 13:25:21 +0000 UTC,41.9185725,-87.6850498,41.8652584,-87.6157801
Chicago,7824,Valid,Chicago,0,DRIVER_CANCELED,2018-10-15 03:39:36 +0000 UTC,41.9369164,-87.6482426,41.9343731,-87.6636711
Chicago,22601,Valid,Chicago,5.18,COMPLETED,2018-10-12 19:59:56 +0000 UTC,41.8798331,-87.6280184,41.9341248,-87.6660157
Chicago,5,Valid,Chicago,0,CANCELED,2018-10-08 19:07:18 +0000 UTC,41.86735829,-87.62368387,41.86746403,-87.62064086
Chicago,5025,Valid,Chicago,4.49,COMPLETED,2018-09-29 07:50:11 +0000 UTC,41.9667442,-87.7071866,41.9343481,-87.6660712
Chicago,11879,Valid,Chicago,6.37,COMPLETED,2018-09-24 20:33:16 +0000 UTC,41.88681,-87.71648,41.93405,-87.66603
Chicago,12358,Valid,Chicago,2.1,COMPLETED,2018-09-22 22:26:34 +0000 UTC,41.93505,-87.66609,41.92795,-87.69748
Chicago,5347,Valid,Chicago,0,CANCELED,2018-09-22 18:37:18 +0000 UTC,41.9379823,-87.6631564,41.9397546,-87.6656087
Chicago,15409,Valid,Chicago,5.81,COMPLETED,2018-09-21 03:08:15 +0000 UTC,41.8817677,-87.6259934,41.9342855,-87.665444
Chicago,24279,Valid,Chicago,0.9,COMPLETED,2018-09-20 19:51:16 +0000 UTC,41.9343464,-87.665658,41.9326197,-87.6533214
Chicago,7736,Valid,Chicago,2.25,COMPLETED,2018-09-20 18:38:06 +0000 UTC,41.9136125,-87.6347737,41.9342089,-87.6656339
Chicago,12232,Valid,Chicago,3.2,COMPLETED,2018-09-20 01:08:24 +0000 UTC,41.9159313,-87.7038887,41.9333608,-87.6687711
Chicago,2,Valid,Chicago,3.27,COMPLETED,2018-09-19 23:54:12 +0000 UTC,41.93891,-87.68726,41.90998,-87.70188
Chicago,389,Valid,Chicago,5.4,COMPLETED,2018-09-18 21:56:46 +0000 UTC,41.88075,-87.62769,41.93411,-87.66603
Chicago,6,Valid,Chicago,7.73,COMPLETED,2018-09-17 20:40:02 +0000 UTC,41.8848,-87.71684,41.93268,-87.65299
Chicago,10071,Valid,Chicago,8.06,COMPLETED,2018-09-17 13:16:54 +0000 UTC,41.93426,-87.66593,41.88629,-87.71669
Chicago,24173,Valid,Chicago,1.77,COMPLETED,2018-09-10 19:14:18 +0000 UTC,41.8651899,-87.6173877,41.8810991,-87.6281956
Chicago,18814,Valid,Chicago,2.8,COMPLETED,2018-09-09 03:36:51 +0000 UTC,41.93246739,-87.66596791,41.93926302,-87.71391592
Chicago,12330,Valid,Chicago,10.26,COMPLETED,2018-09-08 05:28:50 +0000 UTC,41.82743165,-87.67153038,41.93426402,-87.66558114
Chicago,4905,Valid,Chicago,0,CANCELED,2018-09-07 13:06:34 +0000 UTC,41.9336889,-87.6635615,41.9343332,-87.6624483
Chicago,16697,Valid,Chicago,0,CANCELED,2018-09-05 22:26:36 +0000 UTC,41.92530239,-87.65360349,41.92530239,-87.65360349
Chicago,10168,Valid,Chicago,2.08,COMPLETED,2018-09-04 04:27:58 +0000 UTC,41.9183256,-87.6873333,41.9341147,-87.6659823
Chicago,18067,Valid,Chicago,1.77,COMPLETED,2018-08-31 01:47:51 +0000 UTC,41.9343258,-87.6661047,41.9201012,-87.6876077
Chicago,47729,Valid,Chicago,17.53,COMPLETED,2018-08-23 18:18:30 +0000 UTC,41.9343144,-87.6659304,41.9776364,-87.900198
Chicago,23735,Valid,Chicago,0,DRIVER_CANCELED,2018-08-21 15:47:08 +0000 UTC,41.87308706,-87.6272744,41.87058498,-87.63361942
Chicago,30395,Valid,Chicago,0,CANCELED,2018-08-21 04:53:14 +0000 UTC,41.84778226,-87.62664258,41.87213766,-87.63336861
Chicago,24330,Valid,Chicago,0,DRIVER_CANCELED,2018-08-21 04:33:22 +0000 UTC,41.8806749,-87.6370621,41.8720787,-87.6327412
Chicago,24085,Valid,Chicago,6.41,COMPLETED,2018-08-21 01:13:17 +0000 UTC,41.9343621,-87.6659985,41.8719538,-87.6335851
Chicago,24159,Valid,Chicago,2.2,COMPLETED,2018-08-18 22:41:09 +0000 UTC,41.9472148,-87.6585045,41.9344412,-87.6660508
Chicago,14679,Valid,Chicago,1.7,COMPLETED,2018-08-16 06:25:34 +0000 UTC,41.94681105,-87.64953051,41.93426382,-87.66559267
Chicago,7730,Valid,Chicago,6.17,COMPLETED,2018-08-15 19:20:21 +0000 UTC,41.88261326,-87.62788587,41.93451145,-87.6683641
Chicago,22763,Valid,Chicago,13.07,COMPLETED,2018-08-15 13:34:17 +0000 UTC,41.93425558,-87.66604034,41.7916461,-87.58332021
Chicago,10911,Valid,Chicago,16.04,COMPLETED,2018-08-14 13:34:02 +0000 UTC,41.93414367,-87.66603442,41.79168745,-87.5833758
Chicago,15407,Valid,Chicago,14.55,COMPLETED,2018-08-13 19:34:00 +0000 UTC,41.7916478,-87.583109,41.9340642,-87.6660407
Chicago,5346,Valid,Chicago,13.24,COMPLETED,2018-08-13 13:32:34 +0000 UTC,41.9324238,-87.6661304,41.7915973,-87.5834091
Chicago,48959,Valid,Chicago,0,DRIVER_CANCELED,2018-08-13 13:21:55 +0000 UTC,41.9251761,-87.668481,41.9324217,-87.6661111
Chicago,30348,Valid,Chicago,3.42,COMPLETED,2018-08-10 20:25:11 +0000 UTC,41.90376404,-87.66703574,41.93426889,-87.66529835
Chicago,18829,Valid,Chicago,2.66,COMPLETED,2018-08-10 19:33:24 +0000 UTC,41.9342755,-87.6657363,41.9069245,-87.6720017
Chicago,24113,Valid,Chicago,12.93,COMPLETED,2018-08-10 16:48:46 +0000 UTC,41.7861343,-87.5902219,41.9399857,-87.6445316
Chicago,5384,Valid,Chicago,15.78,COMPLETED,2018-08-10 14:19:21 +0000 UTC,41.93438605,-87.66370132,41.79164991,-87.58322616
Chicago,10108,Valid,Chicago,0,DRIVER_CANCELED,2018-08-10 14:13:46 +0000 UTC,41.9398179,-87.6615963,41.9343275,-87.6634445
Chicago,12082,Valid,Chicago,0,DRIVER_CANCELED,2018-08-10 14:06:38 +0000 UTC,41.9459793,-87.668855,41.9343234,-87.6660468
Chicago,16977,Valid,Chicago,15.12,COMPLETED,2018-08-09 20:56:47 +0000 UTC,41.79167709,-87.58330463,41.93428656,-87.66572295
Chicago,23773,Valid,Chicago,12.78,COMPLETED,2018-08-09 13:25:13 +0000 UTC,41.93425623,-87.66604037,41.79167066,-87.58320426
Chicago,10918,Valid,Chicago,0,DRIVER_CANCELED,2018-08-09 13:15:25 +0000 UTC,41.94429257,-87.67605311,41.93523483,-87.6660961
Chicago,18080,Valid,Chicago,2.55,COMPLETED,2018-08-05 21:45:32 +0000 UTC,41.9334613,-87.6659701,41.9179731,-87.6875132
Chicago,12049,Valid,Chicago,12.94,COMPLETED,2018-08-03 19:53:47 +0000 UTC,41.79172055,-87.58349908,41.9342348,-87.66615436
Chicago,23879,Valid,Chicago,12.41,COMPLETED,2018-08-03 14:05:16 +0000 UTC,41.9342827,-87.663471,41.7916431,-87.583116
Chicago,2325,Valid,Chicago,2.07,COMPLETED,2018-08-03 04:38:17 +0000 UTC,41.91859113,-87.68748322,41.93408356,-87.66603125
Chicago,18856,Valid,Chicago,14.07,COMPLETED,2018-08-02 20:33:57 +0000 UTC,41.79168456,-87.58336067,41.93426812,-87.66534332
Chicago,11200,Valid,Chicago,14.45,COMPLETED,2018-08-02 13:58:25 +0000 UTC,41.9341538,-87.6636732,41.7916402,-87.5831938
Chicago,23977,Valid,Chicago,16.18,COMPLETED,2018-08-01 13:08:09 +0000 UTC,41.9343662,-87.6660232,41.7916644,-87.5833951
Chicago,12450,Valid,Chicago,0.55,CANCELED,2018-07-31 13:49:50 +0000 UTC,41.9323176,-87.6695937,41.930104,-87.6553284
Chicago,5006,Valid,Chicago,12.49,COMPLETED,2018-07-30 20:53:37 +0000 UTC,41.79166912,-87.5831495,41.93401948,-87.66602786
Chicago,24236,Valid,Chicago,13.18,COMPLETED,2018-07-30 13:01:42 +0000 UTC,41.9343024,-87.6634146,41.79166,-87.5833559
Chicago,4882,Valid,Chicago,0.73,COMPLETED,2018-07-29 22:02:16 +0000 UTC,41.9431355,-87.6639556,41.9343766,-87.6660654
Chicago,7768,Valid,Chicago,0.89,COMPLETED,2018-07-29 00:10:36 +0000 UTC,41.9342119,-87.6635917,41.9399231,-87.653458
Chicago,473,Valid,Chicago,8.58,COMPLETED,2018-07-28 16:38:52 +0000 UTC,41.87071419,-87.63333861,41.93426523,-87.66551056
Chicago,7712,Valid,Chicago,0,CANCELED,2018-07-27 13:41:32 +0000 UTC,41.93712678,-87.66504617,41.93638142,-87.66855181
Chicago,15448,Valid,Chicago,7.12,COMPLETED,2018-07-26 03:37:31 +0000 UTC,41.9342324,-87.6636671,41.8720945,-87.6337225
Chicago,11905,Valid,Chicago,13.69,COMPLETED,2018-07-25 13:07:26 +0000 UTC,41.9333607,-87.66611349,41.79170486,-87.58343755
Chicago,24090,Valid,Chicago,13.28,COMPLETED,2018-07-23 20:20:09 +0000 UTC,41.79166886,-87.58310942,41.9341134,-87.66603283
Chicago,30400,Valid,Chicago,0,CANCELED,2018-07-23 13:32:08 +0000 UTC,41.88590722,-87.6398434,41.88591517,-87.63984377
Chicago,12263,Valid,Chicago,0,CANCELED,2018-07-23 13:31:03 +0000 UTC,41.88586903,-87.63984157,41.88590593,-87.63984333
Chicago,15425,Valid,Chicago,15.6,COMPLETED,2018-07-19 14:08:40 +0000 UTC,41.93330885,-87.66619552,41.7916689,-87.58321116
Chicago,30415,Valid,Chicago,16.28,COMPLETED,2018-07-18 16:17:36 +0000 UTC,41.7916461,-87.58304033,41.9343677,-87.66367441
Chicago,15495,Valid,Chicago,9.11,COMPLETED,2018-07-18 13:33:12 +0000 UTC,41.87197495,-87.63384984,41.79167437,-87.58327543
Chicago,12433,Valid,Chicago,13.12,COMPLETED,2018-07-17 13:12:55 +0000 UTC,41.93422494,-87.66361345,41.7916513,-87.58327838
Chicago,5455,Valid,Chicago,13.95,COMPLETED,2018-07-16 20:41:17 +0000 UTC,41.79169266,-87.58348282,41.93432403,-87.66561474
Chicago,5103,Valid,Chicago,1.11,COMPLETED,2018-07-16 13:15:59 +0000 UTC,41.9319603,-87.6659858,41.9326144,-87.6534493
Chicago,23983,Valid,Chicago,0,CANCELED,2018-07-16 13:15:03 +0000 UTC,41.9249888,-87.6786194,41.9250476,-87.6738389
Chicago,23799,Valid,Chicago,0,CANCELED,2018-07-15 05:25:04 +0000 UTC,41.88580027,-87.62983572,41.88582688,-87.62866388
Chicago,18103,Valid,Chicago,5.53,COMPLETED,2018-07-15 02:40:32 +0000 UTC,41.9435548,-87.6639665,41.8831071,-87.6249562
Chicago,52413,Valid,Chicago,7.31,COMPLETED,2018-07-14 23:34:41 +0000 UTC,41.89194393,-87.62031538,41.93638391,-87.65397091
Chicago,7741,Valid,Chicago,0,CANCELED,2018-07-14 23:30:24 +0000 UTC,41.8854573,-87.6323461,41.8857355,-87.6323721
Chicago,12405,Valid,Chicago,0,CANCELED,2018-07-14 18:58:58 +0000 UTC,,,,
Chicago,18855,Valid,Chicago,0.96,COMPLETED,2018-07-14 00:41:49 +0000 UTC,41.8999325,-87.6273124,41.9081807,-87.6346574
Chicago,31354,Valid,Chicago,0,CANCELED,2018-07-14 00:41:28 +0000 UTC,,,,
Chicago,12233,Valid,Chicago,12.88,COMPLETED,2018-07-12 13:40:17 +0000 UTC,41.9343607,-87.6660598,41.7916361,-87.5831654
Chicago,12443,Valid,Chicago,18.66,COMPLETED,2018-07-11 12:41:11 +0000 UTC,41.93336208,-87.66599345,41.79166944,-87.58287507
Chicago,16889,Valid,Chicago,0.64,COMPLETED,2018-07-10 13:08:54 +0000 UTC,41.9324077,-87.6657797,41.9326199,-87.653226
Chicago,12388,Valid,Chicago,0,CANCELED,2018-07-08 19:01:02 +0000 UTC,41.96886842,-87.67388236,41.9690631,-87.67443863
Chicago,12000,Valid,Chicago,2.32,COMPLETED,2018-07-08 03:53:01 +0000 UTC,41.9323907,-87.6657704,41.9484004,-87.688187
Chicago,5415,Valid,Chicago,0,CANCELED,2018-07-08 03:52:39 +0000 UTC,,,,
Chicago,23613,Valid,Chicago,0,CANCELED,2018-07-08 03:48:49 +0000 UTC,41.9324106,-87.6670155,41.9324134,-87.6670299
Chicago,24208,Valid,Chicago,6.34,COMPLETED,2018-07-06 19:21:45 +0000 UTC,41.8844223,-87.6199508,41.9343113,-87.6654598
Chicago,5134,Valid,Chicago,0,CANCELED,2018-07-05 13:10:10 +0000 UTC,,,,
Chicago,24052,Valid,Chicago,6.03,COMPLETED,2018-07-04 01:40:44 +0000 UTC,41.93241596,-87.6661494,41.87191301,-87.6340593
Chicago,23478,Valid,Chicago,14.21,COMPLETED,2018-07-03 17:19:44 +0000 UTC,41.79168813,-87.58324293,41.93336556,-87.66734971
Chicago,23677,Valid,Chicago,15.84,COMPLETED,2018-07-02 21:05:44 +0000 UTC,41.7916827,-87.5832113,41.9333673,-87.6655235
Chicago,23523,Valid,Chicago,12.74,COMPLETED,2018-07-02 13:05:48 +0000 UTC,41.9343772,-87.6638056,41.7916518,-87.5831787
Chicago,11999,Valid,Chicago,8.26,COMPLETED,2018-06-27 13:33:43 +0000 UTC,41.87199146,-87.63356611,41.79166114,-87.58317671
Chicago,10122,Valid,Chicago,12.67,COMPLETED,2018-06-26 17:32:39 +0000 UTC,41.7918167,-87.5827395,41.9342835,-87.6656428
Chicago,10121,Valid,Chicago,13.33,COMPLETED,2018-06-26 13:12:18 +0000 UTC,41.9342259,-87.6660227,41.7916348,-87.5832433
Chicago,23762,Valid,Chicago,0,CANCELED,2018-06-26 01:27:26 +0000 UTC,,,,
Chicago,23094,Valid,Chicago,0,CANCELED,2018-06-25 13:05:49 +0000 UTC,41.950936,-87.6690524,41.9489766,-87.6689911
Chicago,22368,Valid,Chicago,0,CANCELED,2018-06-25 00:45:47 +0000 UTC,41.91309621,-87.62570345,41.91311938,-87.63016735
Chicago,30371,Valid,Chicago,5.82,COMPLETED,2018-06-24 02:12:57 +0000 UTC,41.9342879,-87.66599,41.8718464,-87.6335999
Chicago,11993,Valid,Chicago,12.74,COMPLETED,2018-06-22 17:57:29 +0000 UTC,41.7916723,-87.5825134,41.9342425,-87.6655175
Chicago,12089,Valid,Chicago,0,CANCELED,2018-06-22 17:54:44 +0000 UTC,,,,
Chicago,5255,Valid,Chicago,0,DRIVER_CANCELED,2018-06-22 17:46:35 +0000 UTC,41.786272,-87.57757098,41.79166989,-87.58286149
Chicago,16906,Valid,Chicago,13.67,COMPLETED,2018-06-21 16:49:57 +0000 UTC,41.7917137,-87.5826031,41.9343061,-87.6655409
Chicago,23169,Valid,Chicago,13.44,COMPLETED,2018-06-20 20:55:37 +0000 UTC,41.7916988,-87.5823455,41.9343169,-87.6655729
Chicago,5201,Valid,Chicago,0,CANCELED,2018-06-20 20:35:48 +0000 UTC,41.7919152,-87.5838699,41.7916155,-87.5832171
Chicago,5008,Valid,Chicago,1.3,COMPLETED,2018-06-18 03:52:50 +0000 UTC,41.93302972,-87.64134994,41.93426633,-87.66544695
Chicago,5061,Valid,Chicago,1.33,COMPLETED,2018-06-17 00:43:44 +0000 UTC,41.9340465,-87.6636434,41.9489461,-87.6580672
Chicago,23664,Valid,Chicago,14.23,COMPLETED,2018-06-14 20:38:24 +0000 UTC,41.79167099,-87.58321471,41.93428333,-87.66585044
Chicago,44709,Valid,Chicago,0.99,COMPLETED,2018-06-13 17:38:26 +0000 UTC,41.9219151,-87.6436581,41.9308482,-87.6439547
Chicago,22386,Valid,Chicago,8.21,COMPLETED,2018-06-10 03:32:07 +0000 UTC,41.8721512,-87.6337714,41.9341397,-87.6660463
Chicago,11476,Valid,Chicago,2.79,COMPLETED,2018-06-04 01:01:27 +0000 UTC,41.9277184,-87.7094113,41.9343006,-87.6656723
Chicago,11475,Valid,Chicago,2.97,COMPLETED,2018-06-04 00:26:24 +0000 UTC,41.93426419,-87.66557145,41.92760382,-87.7093584
Chicago,5053,Valid,Chicago,1.28,COMPLETED,2018-02-21 23:42:29 +0000 UTC,41.8771038,-87.62605224,41.86780428,-87.63271979
Chicago,15442,Valid,Chicago,0,CANCELED,2016-10-01 06:22:37 +0000 UTC,41.9106216,-87.670166,41.9105327,-87.6769603
Raleigh-Durham,11474,Valid,Raleigh-Durham,16.74,COMPLETED,2015-12-11 12:59:15 +0000 UTC,36.00723198,-78.92486201,35.87462726,-78.79498106
Raleigh-Durham,14645,Valid,Raleigh-Durham,0,CANCELED,2015-12-11 04:38:51 +0000 UTC,36.00613085,-78.92234341,36.00701099,-78.92370614
Fort Myers-Naples,30352,Valid,Fort Myers-Naples,14.12,COMPLETED,2015-10-13 18:55:38 +0000 UTC,26.5521334,-81.8904735,26.4413923,-82.043362
Boston,452,Valid,Boston,0,CANCELED,2015-07-29 22:49:13 +0000 UTC,42.34316732,-71.08540082,42.34313166,-71.08532128
Savannah-Hilton Head,10012,Valid,Savannah-Hilton Head,0.71,COMPLETED,2015-06-12 20:57:20 +0000 UTC,32.0732134,-81.0940408,32.0801577,-81.0890395
Savannah-Hilton Head,14660,Valid,Savannah-Hilton Head,0,CANCELED,2015-06-12 20:56:31 +0000 UTC,,,,
Savannah-Hilton Head,18887,Valid,Savannah-Hilton Head,0,CANCELED,2015-06-12 20:55:30 +0000 UTC,,,,
Savannah-Hilton Head,23894,Valid,Savannah-Hilton Head,0,CANCELED,2015-06-12 20:53:48 +0000 UTC,,,,
Fort Myers-Naples,11485,Valid,Fort Myers-Naples,16.62,COMPLETED,2015-02-06 22:39:50 +0000 UTC,26.542684,-81.8687063,26.4326197,-82.0564951
